{
    "name":"Mesh.001Geometry",
    "metadata":{
        "type":"Geometry",
        "vertices":124,
        "materials":1,
        "generator":"io_three",
        "version":3,
        "faces":182,
        "normals":79
    },
    "materials":[{
        "colorDiffuse":[1,1,1],
        "depthTest":true,
        "colorEmissive":[2,2,2],
        "blending":"NormalBlending",
        "visible":true,
        "specularCoef":50,
        "depthWrite":true,
        "transparent":false,
        "DbgName":"white-light",
        "DbgIndex":0,
        "colorSpecular":[0.5,0.5,0.5],
        "opacity":1,
        "wireframe":false,
        "DbgColor":15658734,
        "shading":"phong"
    }],
    "vertices":[0.144378,0.099322,-0.279686,0.141153,0.099322,-0.279583,0.137984,0.099322,-0.279276,0.134876,0.099322,-0.278767,0.131831,0.099322,-0.278058,0.128856,0.099322,-0.277151,0.125954,0.099322,-0.276048,0.123129,0.099322,-0.274752,0.120386,0.099322,-0.273265,0.117729,0.099322,-0.271589,0.115162,0.099322,-0.269725,0.11269,0.099322,-0.267676,0.110317,0.099322,-0.265445,0.109245,0.099322,-0.264374,0.106217,0.099322,-0.261346,0.101511,0.099322,-0.256641,0.095408,0.099322,-0.250539,0.088186,0.099322,-0.243319,0.080126,0.099322,-0.235261,0.071507,0.099322,-0.226643,0.062608,0.099322,-0.217746,0.053709,0.099322,-0.20885,0.04509,0.099322,-0.200232,0.037029,0.099322,-0.192174,0.029808,0.099322,-0.184954,0.09855,0.099322,-0.116845,0.178439,0.099322,-0.197337,0.180671,0.099322,-0.19971,0.18272,0.099322,-0.202181,0.184584,0.099322,-0.204748,0.186261,0.099322,-0.207404,0.187749,0.099322,-0.210147,0.189045,0.099322,-0.212971,0.190148,0.099322,-0.215873,0.191055,0.099322,-0.218847,0.191764,0.099322,-0.221891,0.192273,0.099322,-0.224999,0.19258,0.099322,-0.228167,0.192683,0.099322,-0.231391,0.19258,0.099322,-0.234615,0.192273,0.099322,-0.237783,0.191764,0.099322,-0.240891,0.191055,0.099322,-0.243935,0.190148,0.099322,-0.24691,0.189045,0.099322,-0.249811,0.187748,0.099322,-0.252636,0.186261,0.099322,-0.255378,0.184584,0.099322,-0.258035,0.18272,0.099322,-0.260601,0.180671,0.099322,-0.263073,0.178439,0.099322,-0.265445,0.176066,0.099322,-0.267676,0.173594,0.099322,-0.269725,0.171027,0.099322,-0.271589,0.16837,0.099322,-0.273265,0.165627,0.099322,-0.274752,0.162802,0.099322,-0.276048,0.1599,0.099322,-0.277151,0.156925,0.099322,-0.278058,0.15388,0.099322,-0.278767,0.150772,0.099322,-0.279276,0.147603,0.099322,-0.279583,0.09855,0.055436,-0.116845,0.178439,0.055436,-0.197337,0.110317,0.055436,-0.265445,0.109245,0.055436,-0.264374,0.037029,0.055436,-0.192174,0.106217,0.055436,-0.261346,0.101511,0.055436,-0.256641,0.176066,0.055436,-0.267676,0.173594,0.055436,-0.269725,0.04509,0.055436,-0.200232,0.180671,0.055436,-0.19971,0.184584,0.055436,-0.204748,0.186261,0.055436,-0.207404,0.192273,0.055436,-0.224999,0.19258,0.055436,-0.228167,0.071507,0.055436,-0.226643,0.192683,0.055436,-0.231391,0.080126,0.055436,-0.235261,0.192273,0.055436,-0.237783,0.180671,0.055436,-0.263072,0.178439,0.055436,-0.265445,0.137984,0.055436,-0.279276,0.147603,0.055436,-0.279583,0.062608,0.055436,-0.217746,0.053709,0.055436,-0.20885,0.187749,0.055436,-0.210147,0.19258,0.055436,-0.234615,0.190148,0.055436,-0.24691,0.189045,0.055436,-0.249811,0.128856,0.055436,-0.277151,0.1599,0.055436,-0.277151,0.134876,0.055436,-0.278767,0.15388,0.055436,-0.278767,0.117729,0.055436,-0.271589,0.16837,0.055436,-0.273265,0.125954,0.055436,-0.276048,0.131831,0.055436,-0.278058,0.191764,0.055436,-0.240891,0.191055,0.055436,-0.243935,0.189045,0.055436,-0.212971,0.191055,0.055436,-0.218847,0.191764,0.055436,-0.221891,0.120386,0.055436,-0.273265,0.144378,0.055436,-0.279686,0.115162,0.055436,-0.269725,0.123129,0.055436,-0.274752,0.150772,0.055436,-0.279276,0.141153,0.055436,-0.279583,0.156925,0.055436,-0.278058,0.187748,0.055436,-0.252636,0.186261,0.055436,-0.255378,0.095408,0.055436,-0.250539,0.11269,0.055436,-0.267676,0.088186,0.055436,-0.243319,0.18272,0.055436,-0.260601,0.190148,0.055436,-0.215873,0.165627,0.055436,-0.274752,0.184584,0.055436,-0.258035,0.171027,0.055436,-0.271589,0.18272,0.055436,-0.202181,0.029808,0.055436,-0.184954,0.162802,0.055436,-0.276048],