{
    "name":"MeshGeometry",
    "metadata":{
        "type":"Geometry",
        "vertices":216,
        "materials":1,
        "generator":"io_three",
        "version":3,
        "faces":320,
        "normals":120
    },
    "materials":[{
        "colorDiffuse":[0.838799,0.074214,0.000607],
        "depthTest":true,
        "colorEmissive":[0,0,0],
        "blending":"NormalBlending",
        "visible":true,
        "specularCoef":50,
        "depthWrite":true,
        "transparent":false,
        "DbgName":"red",
        "DbgIndex":0,
        "colorSpecular":[0.5,0.5,0.5],
        "opacity":1,
        "wireframe":false,
        "DbgColor":15658734,
        "shading":"phong"
    }],
    "vertices":[0.450405,0.079331,-0.385007,0.446011,0.079331,-0.384979,0.441641,0.079331,-0.384898,0.437295,0.079331,-0.384762,0.432968,0.079331,-0.384571,0.42866,0.079331,-0.384327,0.424368,0.079331,-0.384027,0.420089,0.079331,-0.383674,0.415822,0.079331,-0.383266,0.411564,0.079331,-0.382803,0.407312,0.079331,-0.382287,0.403065,0.079331,-0.381715,0.398821,0.079331,-0.38109,0.378464,0.079331,-0.419068,0.354754,0.079331,-0.45485,0.327902,0.079331,-0.488225,0.298119,0.079331,-0.518982,0.265614,0.079331,-0.546909,0.2306,0.079331,-0.571797,0.193287,0.079331,-0.593435,0.153885,0.079331,-0.611611,0.112607,0.079331,-0.626115,0.069662,0.079331,-0.636736,0.025261,0.079331,-0.643263,-0.020384,0.079331,-0.645486,-0.082004,0.079331,-0.641437,-0.141153,0.079331,-0.629636,-0.197318,0.079331,-0.6106,-0.249987,0.079331,-0.584845,-0.298647,0.079331,-0.552888,-0.342787,0.079331,-0.515246,-0.381893,0.079331,-0.472436,-0.415454,0.079331,-0.424974,-0.442956,0.079331,-0.373378,-0.463888,0.079331,-0.318164,-0.477737,0.079331,-0.259849,-0.483991,0.079331,-0.19895,-0.483991,0.079331,-0.19895,-0.483994,0.079331,-0.19895,-0.484001,0.079331,-0.19895,-0.484015,0.079331,-0.19895,-0.484038,0.079331,-0.19895,-0.484073,0.079331,-0.19895,-0.484121,0.079331,-0.19895,-0.484184,0.079331,-0.19895,-0.484266,0.079331,-0.19895,-0.484369,0.079331,-0.19895,-0.484494,0.079331,-0.19895,-0.484644,0.079331,-0.19895,-0.517217,0.079331,-0.196754,-0.548469,0.079331,-0.190355,-0.57811,0.079331,-0.180039,-0.605854,0.079331,-0.166091,-0.631412,0.079331,-0.148798,-0.654497,0.079331,-0.128445,-0.67482,0.079331,-0.105317,-0.692094,0.079331,-0.0797,-0.70603,0.079331,-0.05188,-0.716342,0.079331,-0.022142,-0.722739,0.079332,0.009228,-0.724936,0.079332,0.041944,-0.722739,0.079332,0.07466,-0.716339,0.079332,0.10603,-0.70602,0.079332,0.135768,-0.69207,0.079332,0.163588,-0.674773,0.079332,0.189204,-0.654415,0.079332,0.212332,-0.631283,0.079332,0.232686,-0.605661,0.079332,0.249979,-0.577835,0.079332,0.263926,-0.548091,0.079332,0.274242,-0.516714,0.079332,0.280641,-0.483991,0.079332,0.282838,-0.471554,0.079332,0.282838,-0.436406,0.079332,0.282838,-0.381791,0.079332,0.282838,-0.310955,0.079332,0.282838,-0.22714,0.079332,0.282838,-0.133593,0.079332,0.282838,-0.033556,0.079332,0.282838,0.069725,0.079332,0.282838,0.173006,0.079332,0.282838,0.273043,0.079332,0.282838,0.36659,0.079332,0.282838,0.450405,0.079332,0.282838,0.495652,0.079332,0.27979,0.539057,0.079332,0.270911,0.580223,0.079332,0.256602,0.618749,0.079332,0.23726,0.654238,0.079332,0.213285,0.686289,0.079332,0.185076,0.714504,0.079332,0.153032,0.738484,0.079332,0.117551,0.75783,0.079332,0.079032,0.772142,0.079332,0.037875,0.781022,0.079331,-0.005521,0.784071,0.079331,-0.050758,0.781022,0.079331,-0.096008,0.772142,0.079331,-0.13944,0.75783,0.079331,-0.180651,0.738484,0.079331,-0.219236,0.714505,0.079331,-0.254794,0.686289,0.079331,-0.286919,0.654238,0.079331,-0.315209,0.61875,0.079331,-0.33926,0.580223,0.079331,-0.358669,0.539057,0.079331,-0.373032,0.495652,0.079331,-0.381946,-0.483991,-0.000993,-0.19895,-0.517217,-0.000993,-0.196754,-0.57811,-0.000993,-0.180039,-0.605854,-0.000993,-0.166091,-0.020384,-0.000993,-0.645486,-0.082004,-0.000993,-0.641437,-0.483991,-0.000993,0.282838,-0.471554,-0.000993,0.282838,-0.249987,-0.000993,-0.584845,-0.298647,-0.000993,-0.552888,-0.631412,-0.000993,-0.148798,0.772142,-0.000993,-0.13944,0.298119,-0.000993,-0.518982,-0.342787,-0.000993,-0.515246,-0.67482,-0.000993,-0.105317,-0.722739,-0.000993,0.009228,-0.724936,-0.000993,0.041944,-0.310955,-0.000993,0.282838,-0.22714,-0.000993,0.282838,-0.722739,-0.000993,0.07466,0.772142,-0.000993,0.037875,-0.484015,-0.000993,-0.19895,-0.484038,-0.000993,-0.19895,0.36659,-0.000993,0.282838,0.450405,-0.000993,0.282838,0.069662,-0.000993,-0.636736,-0.141153,-0.000993,-0.629636,-0.631283,-0.000993,0.232686,0.618749,-0.000993,0.23726,0.193287,-0.000993,-0.593435,-0.69207,-0.000993,0.163588,0.686289,-0.000993,0.185076,-0.548091,-0.000993,0.274242,0.539057,-0.000993,0.270911,-0.484184,-0.000993,-0.19895,-0.484266,-0.000993,-0.19895,-0.654415,-0.000993,0.212332,-0.605661,-0.000993,0.249979,-0.577835,-0.000993,0.263926,0.415822,-0.000993,-0.383266,0.411564,-0.000993,-0.382803,0.781022,-0.000993,-0.096008,0.153885,-0.000993,-0.611611,0.327902,-0.000993,-0.488225,-0.381893,-0.000993,-0.472436,-0.70602,-0.000993,0.135768,0.398821,-0.000993,-0.38109,0.378464,-0.000993,-0.419068,0.450405,-0.000993,-0.385007,-0.483991,-0.000993,-0.19895,-0.033556,-0.000993,0.282838,0.069725,-0.000993,0.282838,0.495652,-0.000993,0.27979,0.025261,-0.000993,-0.643263,-0.674773,-0.000993,0.189204,0.432968,-0.000993,-0.384571,0.42866,-0.000993,-0.384327,0.580223,-0.000993,0.256602,-0.415454,-0.000993,-0.424974,-0.442956,-0.000993,-0.373378,0.738484,-0.000993,-0.219236,0.714504,-0.000993,0.153032,0.738484,-0.000993,0.117551,-0.484644,-0.000993,-0.19895,0.495652,-0.000993,-0.381946,0.539057,-0.000993,-0.373032,-0.716342,-0.000993,-0.022142,0.781022,-0.000993,-0.005521,-0.197318,-0.000993,-0.6106,-0.477737,-0.000993,-0.259849,0.686289,-0.000993,-0.286919,0.446011,-0.000993,-0.384979,-0.484073,-0.000993,-0.19895,0.654238,-0.000993,-0.315209,-0.463888,-0.000993,-0.318164,0.61875,-0.000993,-0.33926,0.75783,-0.000993,-0.180651,0.654238,-0.000993,0.213285,-0.516714,-0.000993,0.280641,0.265614,-0.000993,-0.546909,-0.548469,-0.000993,-0.190355,-0.70603,-0.000993,-0.05188,0.75783,-0.000993,0.079032,-0.381791,-0.000993,0.282838,0.173006,-0.000993,0.282838,-0.484369,-0.000993,-0.19895,0.403065,-0.000993,-0.381715,0.407312,-0.000993,-0.382287,0.273043,-0.000993,0.282838,-0.692094,-0.000993,-0.0797,-0.483994,-0.000993,-0.19895,0.424368,-0.000993,-0.384027,0.2306,-0.000993,-0.571797,0.784071,-0.000993,-0.050758,0.420089,-0.000993,-0.383674,-0.654497,-0.000993,-0.128445,0.580223,-0.000993,-0.358669,0.437295,-0.000993,-0.384762,0.714505,-0.000993,-0.254794,-0.436406,-0.000993,0.282838,0.441641,-0.000993,-0.384898,-0.484121,-0.000993,-0.19895,-0.133593,-0.000993,0.282838,-0.716339,-0.000993,0.10603,-0.484494,-0.000993,-0.19895,0.112607,-0.000993,-0.626115,0.354754,-0.000993,-0.45485,-0.484001,-0.000993,-0.19895],