{
    "name":"Cube.001Geometry.1",
    "metadata":{
        "type":"Geometry",
        "vertices":20,
        "materials":1,
        "generator":"io_three",
        "version":3,
        "faces":17,
        "normals":16
    },
    "materials":[{
        "colorDiffuse":[1,1,1],
        "depthTest":true,
        "colorEmissive":[0,0,0],
        "blending":"NormalBlending",
        "visible":true,
        "specularCoef":50,
        "depthWrite":true,
        "transparent":false,
        "DbgName":"white",
        "DbgIndex":0,
        "colorSpecular":[0.5,0.5,0.5],
        "opacity":1,
        "wireframe":false,
        "DbgColor":15658734,
        "shading":"phong"
    }],
    "vertices":[-0.353553,0,0.226702,0,0,0.226702,-0.23622,-0,-0.273298,0,-0,-0.273298,0,-0.353553,0.226702,0.353553,0,0.226702,0,-0.226429,-0.215682,0.23622,-0,-0.273298,0,0.000311,-0.525918,-0.034507,0.000311,-0.525918,-0,-0.08395,-0.456187,0.034507,0.000311,-0.525918,-0.289371,-0.035423,0.240804,0,-0.035423,0.240804,0.289371,-0.035423,0.240804,0,-0.305417,0.240804,-0.289371,-0.035423,0.196453,0,-0.035423,0.196453,0.289371,-0.035423,0.196453,0,-0.305417,0.196453],
    "faces":[35,0,1,3,2,0,0,0,0,0,35,2,3,8,9,0,1,1,1,1,35,6,7,5,4,0,2,2,2,2,35,1,0,12,13,0,3,3,3,3,35,4,0,2,6,0,4,4,4,4,35,7,3,1,5,0,5,5,5,5,35,9,8,11,10,0,6,6,6,6,35,7,6,10,11,0,7,7,7,7,35,6,2,9,10,0,8,8,8,8,35,3,7,11,8,0,9,9,9,9,35,14,13,17,18,0,10,10,10,10,35,0,4,15,12,0,11,11,11,11,35,5,1,13,14,0,12,12,12,12,35,4,5,14,15,0,13,13,13,13,35,15,14,18,19,0,14,14,14,14,35,12,15,19,16,0,15,15,15,15,35,13,12,16,17,0,10,10,10,10],
    "normals":[0,-0,-1,0,0.001231,-0.999999,0.680622,-0.180525,0.710046,0,0.929085,-0.369866,-0.680622,-0.180525,0.710046,-0,-0,-1,-0,-0.770402,0.637558,0.581916,-0.436689,0.686059,-0.581916,-0.436689,0.686059,-0,0.001231,-0.999999,0,0,1,-0.323202,0.885713,0.333246,0,0.929085,-0.369866,0.323202,0.885713,0.333246,-0.682202,0,-0.731164,0.682202,0,-0.731164]
}